[
    {
        "topic": "Advanger",
        "images": [
            {
                "name": "thor",
                "min_x_bottom": 235,
                "min_y_bottom": 352,
                "width": 130,
                "rotate": 0
                "position": "front"
            },
            {
                "name": "loki",
                "min_x_bottom": 220,
                "min_y_bottom": 320,
                "width": 230,
                "rotate": 2
                "position": "rear"
            },
            {
                "name": "doctor",
                "min_x_bottom": 245,
                "min_y_bottom": 330,
                "width": 160,
                "rotate": 0,
                "position": "front"
            },
            {
                "name": "iron",
                "min_x_bottom": 260,
                "min_y_bottom": 270,
                "width": 160,
                "rotate": -15,
                "position": "front"
            },
            {
                "name": "iron2",
                "min_x_bottom": 215,
                "min_y_bottom": 330,
                "width": 190,
                "rotate": 0,
                "position": "front"
            },
            {
                "name": "captain",
                "min_x_bottom": 309,
                "min_y_bottom": 380,
                "width": 190,
                "rotate": 10,
                "position": "front"
            },
            {
                "name": "panther",
                "min_x_bottom": 160,
                "min_y_bottom": 355,
                "width": 190,
                "rotate": -10,
                "position": "front"
            },
            {
                "name": "pool",
                "min_x_bottom": 205,
                "min_y_bottom": 355,
                "width": 180,
                "rotate": 0,
                "position": "front"
            },
            {
                "name": "spiderman",
                "min_x_bottom": 260,
                "min_y_bottom": 280,
                "width": 170,
                "rotate": 10,
                "position": "front"
            },
            {
                "name": "beo",
                "min_x_bottom": 207,
                "min_y_bottom": 265,
                "width": 155,
                "rotate": 0,
                "position": "front"
            },
            {
                "name": "robin",
                "min_x_bottom": 200,
                "min_y_bottom": 265,
                "width": 100,
                "rotate": 15,
                "position": "front"
            },
            {
                "name": "pool2",
                "min_x_bottom": 212,
                "min_y_bottom": 330,
                "width": 160,
                "rotate": -5,
                "position": "front"
            }
        ]
    }
]
